field,type,seconds,terms
raw_words,simple,0.0566874000005555,10874
tokens,simple,0.03583370000069408,10748
stemmed_words,simple,0.02328300000044692,6936
lemmatized_words,simple,0.03447239999968588,9582
title_tokens,simple,0.003358799999659823,1822
title_stemmed,simple,0.003338399999847752,1363
title_lemmatized,simple,0.0027224999994359678,1623
author_tokens,simple,0.0012851999999838881,1376
author_stemmed,simple,0.001267599999664526,1356
author_lemmatized,simple,0.0010603000000628526,1370
text_tokens,simple,0.028733200000715442,9438
text_stemmed,simple,0.021596300000055635,5734
text_lemmatized,simple,0.028021300000546034,8304
raw_words,rich,0.26107239999964804,10874
tokens,rich,0.05141760000060458,10748
stemmed_words,rich,0.044582500000615255,6936
lemmatized_words,rich,0.05396240000027319,9582
title_tokens,rich,0.004911800000627409,1822
title_stemmed,rich,0.005365299999539275,1363
title_lemmatized,rich,0.006639600000198698,1623
author_tokens,rich,0.002342800000405987,1376
author_stemmed,rich,0.002560099999755039,1356
author_lemmatized,rich,0.0029482999998435844,1370
text_tokens,rich,0.048234400000183086,9438
text_stemmed,rich,0.03787560000000667,5734
text_lemmatized,rich,0.04594040000029054,8304
