model,field,MAP,P@1,R@1,P@3,R@3,P@5,R@5,P@10,R@10
BM25,author_lemmatized,0.00254423,0.01315789,0.00034626,0.02192982,0.00154412,0.01578947,0.00189038,0.01447368,0.00317992
BM25,author_stemmed,0.00235537,0.01315789,0.00034626,0.01754386,0.00132482,0.01315789,0.00167108,0.01315789,0.00296062
BM25,author_tokens,0.00255195,0.01315789,0.00034626,0.02192982,0.00154412,0.01578947,0.00189038,0.01447368,0.00317992
BM25,lemmatized_words,0.21969888,0.48684211,0.02989054,0.44298246,0.06128135,0.39473684,0.09633852,0.34868421,0.14724658
BM25,raw_words,0.18763043,0.50000000,0.02130724,0.42982456,0.06164527,0.35789474,0.08219722,0.29605263,0.12191048
BM25,stemmed_words,0.22808042,0.52631579,0.02123317,0.48245614,0.05558949,0.42631579,0.08252772,0.36973684,0.15282536
BM25,text_lemmatized,0.19628068,0.50000000,0.01960594,0.42105263,0.04427366,0.39736842,0.07021957,0.32894737,0.13934746
BM25,text_stemmed,0.21146696,0.50000000,0.01938582,0.46491228,0.05204427,0.41842105,0.07538836,0.35394737,0.14091198
BM25,text_tokens,0.18371533,0.47368421,0.02167972,0.42543860,0.06350642,0.38684211,0.08847409,0.30789474,0.13555932
BM25,title_lemmatized,0.12211698,0.38157895,0.01464322,0.29824561,0.03505736,0.27894737,0.05297587,0.23157895,0.08663688
BM25,title_stemmed,0.13668718,0.43421053,0.01929862,0.32894737,0.04299965,0.29473684,0.06072057,0.24342105,0.09071771
BM25,title_tokens,0.10940661,0.32894737,0.01470613,0.27631579,0.03337417,0.28421053,0.05344460,0.23684211,0.08559967
BM25,tokens,0.20577458,0.52631579,0.03495852,0.44736842,0.06361802,0.38684211,0.08504177,0.31842105,0.14334126
TF-IDF,author_lemmatized,0.00260193,0.01315789,0.00034626,0.02192982,0.00154412,0.01578947,0.00189038,0.01447368,0.00317992
TF-IDF,author_stemmed,0.00246790,0.01315789,0.00034626,0.02192982,0.00154412,0.01578947,0.00189038,0.01447368,0.00317992
TF-IDF,author_tokens,0.00261724,0.01315789,0.00034626,0.02192982,0.00154412,0.01578947,0.00189038,0.01447368,0.00317992
TF-IDF,lemmatized_words,0.18088707,0.36842105,0.01404490,0.33771930,0.03998119,0.32368421,0.06354207,0.27763158,0.10211470
TF-IDF,raw_words,0.15841082,0.38157895,0.01498492,0.32017544,0.04136697,0.28947368,0.05735249,0.24868421,0.09611536
TF-IDF,stemmed_words,0.19945258,0.36842105,0.01610307,0.39035088,0.05149399,0.35263158,0.07187651,0.31184211,0.11387266
TF-IDF,text_lemmatized,0.16013017,0.36842105,0.01419306,0.32017544,0.03592083,0.30789474,0.05310488,0.26184211,0.08614627
TF-IDF,text_stemmed,0.17903232,0.38157895,0.01745711,0.34210526,0.04283562,0.31578947,0.06097794,0.28289474,0.10185507
TF-IDF,text_tokens,0.14660856,0.38157895,0.01658507,0.31578947,0.03721952,0.29210526,0.05758932,0.24605263,0.08733171
TF-IDF,title_lemmatized,0.10499293,0.30263158,0.00952001,0.24561404,0.02770752,0.22894737,0.04354037,0.20789474,0.06891476
TF-IDF,title_stemmed,0.11527406,0.32894737,0.01452372,0.24561404,0.02786988,0.23157895,0.04303850,0.21578947,0.07375844
TF-IDF,title_tokens,0.09369968,0.25000000,0.00973557,0.24561404,0.02776901,0.23157895,0.04012686,0.21184211,0.06952554
TF-IDF,tokens,0.16380231,0.36842105,0.01615230,0.32894737,0.04203875,0.30000000,0.06258762,0.26578947,0.10180677
